WAT naming,Device naming,Spec High,Target,Spec Low,Unit,NVL816,Naming1,Naming2,Naming
Vts_RNA4e,Vts H130_W19 eLVN,,97,,mV,,H130_W19,eLV,Vts H130_W19 eLVN
Isat_RNA4e,Isat H130_W19 eLVN,,5538,,uA/um,,H130_W19,eLV,Isat H130_W19 eLVN
Ioff_RNA4e,Ioff H130_W19 eLVN,,0.000000127,,A/um,,H130_W19,eLV,Ioff H130_W19 eLVN
Vts_RPA4e,Vts H130_W19 eLVP,,91,,mV,,H130_W19,eLV,Vts H130_W19 eLVP
Isat_RPA4e,Isat H130_W19 eLVP,,5107,,uA/um,,H130_W19,eLV,Isat H130_W19 eLVP
Ioff_RPA4e,Ioff H130_W19 eLVP,,0.000000163,,A/um,,H130_W19,eLV,Ioff H130_W19 eLVP
Vts_RNA4u,Vts H130_W19 uLVN,,131,,mV,V,H130_W19,uLV,Vts H130_W19 uLVN
Isat_RNA4u,Isat H130_W19 uLVN,,5154,,uA/um,V,H130_W19,uLV,Isat H130_W19 uLVN
Ioff_RNA4u,Ioff H130_W19 uLVN,,0.0000000402,,A/um,V,H130_W19,uLV,Ioff H130_W19 uLVN
Vts_RPA4u,Vts H130_W19 uLVP,,132,,mV,V,H130_W19,uLV,Vts H130_W19 uLVP
Isat_RPA4u,Isat H130_W19 uLVP,,4737,,uA/um,V,H130_W19,uLV,Isat H130_W19 uLVP
Ioff_RPA4u,Ioff H130_W19 uLVP,,0.000000042,,A/um,V,H130_W19,uLV,Ioff H130_W19 uLVP
Vts_RNA4A,Vts H130_W19 uLLN,,168,,mV,V,H130_W19,uLL,Vts H130_W19 uLLN
Isat_RNA4A,Isat H130_W19 uLLN,,4679,,uA/um,V,H130_W19,uLL,Isat H130_W19 uLLN
Ioff_RNA4A,Ioff H130_W19 uLLN,,0.0000000115,,A/um,V,H130_W19,uLL,Ioff H130_W19 uLLN
Vts_RPA4A,Vts H130_W19 uLLP,,167,,mV,V,H130_W19,uLL,Vts H130_W19 uLLP
Isat_RPA4A,Isat H130_W19 uLLP,,4404,,uA/um,V,H130_W19,uLL,Isat H130_W19 uLLP
Ioff_RPA4A,Ioff H130_W19 uLLP,,0.0000000135,,A/um,V,H130_W19,uLL,Ioff H130_W19 uLLP
Vts_RNA4L,Vts H130_W19 LVTN,,204,,mV,V,H130_W19,LVT,Vts H130_W19 LVTN
Isat_RNA4L,Isat H130_W19 LVTN,,4144,,uA/um,V,H130_W19,LVT,Isat H130_W19 LVTN
Ioff_RNA4L,Ioff H130_W19 LVTN,,3.65e-9,,A/um,V,H130_W19,LVT,Ioff H130_W19 LVTN
Vts_RPA4L,Vts H130_W19 LVTP,,203,,mV,V,H130_W19,LVT,Vts H130_W19 LVTP
Isat_RPA4L,Isat H130_W19 LVTP,,4050,,uA/um,V,H130_W19,LVT,Isat H130_W19 LVTP
Ioff_RPA4L,Ioff H130_W19 LVTP,,4.64e-9,,A/um,V,H130_W19,LVT,Ioff H130_W19 LVTP
Vts_RNA4B,Vts H130_W19 LLLN,,240,,mV,V,H130_W19,LLL,Vts H130_W19 LLLN
Isat_RNA4B,Isat H130_W19 LLLN,,3659,,uA/um,V,H130_W19,LLL,Isat H130_W19 LLLN
Ioff_RNA4B,Ioff H130_W19 LLLN,,1.28e-9,,A/um,V,H130_W19,LLL,Ioff H130_W19 LLLN
Vts_RPA4B,Vts H130_W19 LLLP,,236,,mV,V,H130_W19,LLL,Vts H130_W19 LLLP
Isat_RPA4B,Isat H130_W19 LLLP,,3619,,uA/um,V,H130_W19,LLL,Isat H130_W19 LLLP
Ioff_RPA4B,Ioff H130_W19 LLLP,,2.06e-9,,A/um,V,H130_W19,LLL,Ioff H130_W19 LLLP
Vts_RNA4S,Vts H130_W19 SVTN,,273,,mV,V,H130_W19,SVT,Vts H130_W19 SVTN
Isat_RNA4S,Isat H130_W19 SVTN,,3143,,uA/um,V,H130_W19,SVT,Isat H130_W19 SVTN
Ioff_RNA4S,Ioff H130_W19 SVTN,,6.04e-10,,A/um,V,H130_W19,SVT,Ioff H130_W19 SVTN
Vts_RPA4S,Vts H130_W19 SVTP,,274,,mV,V,H130_W19,SVT,Vts H130_W19 SVTP
Isat_RPA4S,Isat H130_W19 SVTP,,3136,,uA/um,V,H130_W19,SVT,Isat H130_W19 SVTP
Ioff_RPA4S,Ioff H130_W19 SVTP,,1.13e-9,,A/um,V,H130_W19,SVT,Ioff H130_W19 SVTP
Vts_RNJ4e,Vts H156_W32 eLVN,,81,,mV,,H156_W32,eLV,Vts H156_W32 eLVN
Isat_RNJ4e,Isat H156_W32 eLVN,,5007,,uA/um,,H156_W32,eLV,Isat H156_W32 eLVN
Ioff_RNJ4e,Ioff H156_W32 eLVN,,0.000000222,,A/um,,H156_W32,eLV,Ioff H156_W32 eLVN
Vts_RPJ4e,Vts H156_W32 eLVP,,79,,mV,,H156_W32,eLV,Vts H156_W32 eLVP
Isat_RPJ4e,Isat H156_W32 eLVP,,4580,,uA/um,,H156_W32,eLV,Isat H156_W32 eLVP
Ioff_RPJ4e,Ioff H156_W32 eLVP,,0.000000246,,A/um,,H156_W32,eLV,Ioff H156_W32 eLVP
Vts_RNJ4u,Vts H156_W32 uLVN,,116,,mV,V,H156_W32,uLV,Vts H156_W32 uLVN
Isat_RNJ4u,Isat H156_W32 uLVN,,4668,,uA/um,V,H156_W32,uLV,Isat H156_W32 uLVN
Ioff_RNJ4u,Ioff H156_W32 uLVN,,0.0000000681,,A/um,V,H156_W32,uLV,Ioff H156_W32 uLVN
Vts_RPJ4u,Vts H156_W32 uLVP,,121,,mV,V,H156_W32,uLV,Vts H156_W32 uLVP
Isat_RPJ4u,Isat H156_W32 uLVP,,4252,,uA/um,V,H156_W32,uLV,Isat H156_W32 uLVP
Ioff_RPJ4u,Ioff H156_W32 uLVP,,0.0000000614,,A/um,V,H156_W32,uLV,Ioff H156_W32 uLVP
Vts_RNJ4A,Vts H156_W32 uLLN,,153,,mV,V,H156_W32,uLL,Vts H156_W32 uLLN
Isat_RNJ4A,Isat H156_W32 uLLN,,4225,,uA/um,V,H156_W32,uLL,Isat H156_W32 uLLN
Ioff_RNJ4A,Ioff H156_W32 uLLN,,0.0000000194,,A/um,V,H156_W32,uLL,Ioff H156_W32 uLLN
Vts_RPJ4A,Vts H156_W32 uLLP,,156,,mV,V,H156_W32,uLL,Vts H156_W32 uLLP
Isat_RPJ4A,Isat H156_W32 uLLP,,3967,,uA/um,V,H156_W32,uLL,Isat H156_W32 uLLP
Ioff_RPJ4A,Ioff H156_W32 uLLP,,0.0000000189,,A/um,V,H156_W32,uLL,Ioff H156_W32 uLLP
Vts_RNJ4L,Vts H156_W32 LVTN,,188,,mV,V,H156_W32,LVT,Vts H156_W32 LVTN
Isat_RNJ4L,Isat H156_W32 LVTN,,3839,,uA/um,V,H156_W32,LVT,Isat H156_W32 LVTN
Ioff_RNJ4L,Ioff H156_W32 LVTN,,6.17e-9,,A/um,V,H156_W32,LVT,Ioff H156_W32 LVTN
Vts_RPJ4L,Vts H156_W32 LVTP,,191,,mV,V,H156_W32,LVT,Vts H156_W32 LVTP
Isat_RPJ4L,Isat H156_W32 LVTP,,3625,,uA/um,V,H156_W32,LVT,Isat H156_W32 LVTP
Ioff_RPJ4L,Ioff H156_W32 LVTP,,0.000000006,,A/um,V,H156_W32,LVT,Ioff H156_W32 LVTP
Vts_RNJ4B,Vts H156_W32 LLLN,,225,,mV,V,H156_W32,LLL,Vts H156_W32 LLLN
Isat_RNJ4B,Isat H156_W32 LLLN,,3389,,uA/um,V,H156_W32,LLL,Isat H156_W32 LLLN
Ioff_RNJ4B,Ioff H156_W32 LLLN,,1.79e-9,,A/um,V,H156_W32,LLL,Ioff H156_W32 LLLN
Vts_RPJ4B,Vts H156_W32 LLLP,,225,,mV,V,H156_W32,LLL,Vts H156_W32 LLLP
Isat_RPJ4B,Isat H156_W32 LLLP,,3289,,uA/um,V,H156_W32,LLL,Isat H156_W32 LLLP
Ioff_RPJ4B,Ioff H156_W32 LLLP,,2.05e-9,,A/um,V,H156_W32,LLL,Ioff H156_W32 LLLP
Vts_RNJ4S,Vts H156_W32 SVTN,,258,,mV,V,H156_W32,SVT,Vts H156_W32 SVTN
Isat_RNJ4S,Isat H156_W32 SVTN,,2947,,uA/um,V,H156_W32,SVT,Isat H156_W32 SVTN
Ioff_RNJ4S,Ioff H156_W32 SVTN,,6.38e-10,,A/um,V,H156_W32,SVT,Ioff H156_W32 SVTN
Vts_RPJ4S,Vts H156_W32 SVTP,,262,,mV,V,H156_W32,SVT,Vts H156_W32 SVTP
Isat_RPJ4S,Isat H156_W32 SVTP,,2866,,uA/um,V,H156_W32,SVT,Isat H156_W32 SVTP
Ioff_RPJ4S,Ioff H156_W32 SVTP,,7.31e-10,,A/um,V,H156_W32,SVT,Ioff H156_W32 SVTP
Vts_RNK4e,Vts H156_NPN eLVN,,79,,mV,,H156_NPN,eLV,Vts H156_NPN eLVN
Isat_RNK4e,Isat H156_NPN eLVN,,5046,,uA/um,,H156_NPN,eLV,Isat H156_NPN eLVN
Ioff_RNK4e,Ioff H156_NPN eLVN,,0.000000244,,A/um,,H156_NPN,eLV,Ioff H156_NPN eLVN
Vts_RPK4e,Vts H156_NPN eLVP,,69,,mV,,H156_NPN,eLV,Vts H156_NPN eLVP
Isat_RPK4e,Isat H156_NPN eLVP,,4487,,uA/um,,H156_NPN,eLV,Isat H156_NPN eLVP
Ioff_RPK4e,Ioff H156_NPN eLVP,,0.000000357,,A/um,,H156_NPN,eLV,Ioff H156_NPN eLVP
Vts_RNK4u,Vts H156_NPN uLVN,,113,,mV,V,H156_NPN,uLV,Vts H156_NPN uLVN
Isat_RNK4u,Isat H156_NPN uLVN,,4689,,uA/um,V,H156_NPN,uLV,Isat H156_NPN uLVN
Ioff_RNK4u,Ioff H156_NPN uLVN,,0.0000000781,,A/um,V,H156_NPN,uLV,Ioff H156_NPN uLVN
Vts_RPK4u,Vts H156_NPN uLVP,,110,,mV,V,H156_NPN,uLV,Vts H156_NPN uLVP
Isat_RPK4u,Isat H156_NPN uLVP,,4155,,uA/um,V,H156_NPN,uLV,Isat H156_NPN uLVP
Ioff_RPK4u,Ioff H156_NPN uLVP,,0.0000000956,,A/um,V,H156_NPN,uLV,Ioff H156_NPN uLVP
Vts_RNK4A,Vts H156_NPN uLLN,,152,,mV,,H156_NPN,uLL,Vts H156_NPN uLLN
Isat_RNK4A,Isat H156_NPN uLLN,,4269,,uA/um,,H156_NPN,uLL,Isat H156_NPN uLLN
Ioff_RNK4A,Ioff H156_NPN uLLN,,0.0000000215,,A/um,,H156_NPN,uLL,Ioff H156_NPN uLLN
Vts_RPK4A,Vts H156_NPN uLLP,,146,,mV,,H156_NPN,uLL,Vts H156_NPN uLLP
Isat_RPK4A,Isat H156_NPN uLLP,,3867,,uA/um,,H156_NPN,uLL,Isat H156_NPN uLLP
Ioff_RPK4A,Ioff H156_NPN uLLP,,0.0000000288,,A/um,,H156_NPN,uLL,Ioff H156_NPN uLLP
Vts_RNK4L,Vts H156_NPN LVTN,,185,,mV,,H156_NPN,LVT,Vts H156_NPN LVTN
Isat_RNK4L,Isat H156_NPN LVTN,,3853,,uA/um,,H156_NPN,LVT,Isat H156_NPN LVTN
Ioff_RNK4L,Ioff H156_NPN LVTN,,7.03e-9,,A/um,,H156_NPN,LVT,Ioff H156_NPN LVTN
Vts_RPK4L,Vts H156_NPN LVTP,,181,,mV,,H156_NPN,LVT,Vts H156_NPN LVTP
Isat_RPK4L,Isat H156_NPN LVTP,,3523,,uA/um,,H156_NPN,LVT,Isat H156_NPN LVTP
Ioff_RPK4L,Ioff H156_NPN LVTP,,9.46e-9,,A/um,,H156_NPN,LVT,Ioff H156_NPN LVTP
Vts_RNK4B,Vts H156_NPN LLLN,,223,,mV,,H156_NPN,LLL,Vts H156_NPN LLLN
Isat_RNK4B,Isat H156_NPN LLLN,,3397,,uA/um,,H156_NPN,LLL,Isat H156_NPN LLLN
Ioff_RNK4B,Ioff H156_NPN LLLN,,2.07e-9,,A/um,,H156_NPN,LLL,Ioff H156_NPN LLLN
Vts_RPK4B,Vts H156_NPN LLLP,,215,,mV,,H156_NPN,LLL,Vts H156_NPN LLLP
Isat_RPK4B,Isat H156_NPN LLLP,,3205,,uA/um,,H156_NPN,LLL,Isat H156_NPN LLLP
Ioff_RPK4B,Ioff H156_NPN LLLP,,3.12e-9,,A/um,,H156_NPN,LLL,Ioff H156_NPN LLLP
Vts_RNK4S,Vts H156_NPN SVTN,,258,,mV,,H156_NPN,SVT,Vts H156_NPN SVTN
Isat_RNK4S,Isat H156_NPN SVTN,,2922,,uA/um,,H156_NPN,SVT,Isat H156_NPN SVTN
Ioff_RNK4S,Ioff H156_NPN SVTN,,6.84e-10,,A/um,,H156_NPN,SVT,Ioff H156_NPN SVTN
Vts_RPK4S,Vts H156_NPN SVTP,,252,,mV,,H156_NPN,SVT,Vts H156_NPN SVTP
Isat_RPK4S,Isat H156_NPN SVTP,,2770,,uA/um,,H156_NPN,SVT,Isat H156_NPN SVTP
Ioff_RPK4S,Ioff H156_NPN SVTP,,1.07e-9,,A/um,,H156_NPN,SVT,Ioff H156_NPN SVTP
Vts_GAA,Vts HD PG,,281,,mV,V,HD,PG,Vts HD PG
Isat_GAA,Isat HD PG,,37.2,,uA/ea,V,HD,PG,Isat HD PG
Vts_DAA,Vts HD PD,,286,,mV,V,HD,PD,Vts HD PD
Isat_DAA,Isat HD PD,,36.4,,uA/ea,V,HD,PD,Isat HD PD
Vts_UAA,Vts HD PU,,275,,mV,V,HD,PU,Vts HD PU
Isat_UAA,Isat HD PU,,25.6,,uA/ea,V,HD,PU,Isat HD PU
Isat_CAA,Isat HD Cell,,20,,uA/cell,V,HD Cell,,Isat HD Cell
Isb_CA,Isb HD Cell,,2.66e-11,,A/cell,V,HD Cell,,Isb HD Cell
Vts_GBA,Vts HC PG,,268,,mV,V,HC,PG,Vts HC PG
Isat_GBA,Isat HC PG,,81.2,,uA/ea,V,HC,PG,Isat HC PG
Vts_DBA,Vts HC PD,,270,,mV,V,HC,PD,Vts HC PD
Isat_DBA,Isat HC PD,,80.6,,uA/ea,V,HC,PD,Isat HC PD
Vts_UBA,Vts HC PU,,275,,mV,V,HC,PU,Vts HC PU
Isat_UBA,Isat HC PU,,25.6,,uA/ea,V,HC,PU,Isat HC PU
Isat_CBA,Isat HC Cell,,46.4,,uA/cell,V,HC Cell,,Isat HC Cell
Isb_CB,Isb HC Cell,,4.95e-11,,A/cell,V,HC Cell,,Isb HC Cell
Poff_RA4e,Poff H130_W19 eLV,,0.000003,,W,,H130_W19,eLV,Poff H130_W19 eLV
Td_RA4e,RO H130_W19 eLV,,5.87,,ps,,H130_W19,eLV,RO H130_W19 eLV
Pwr_RA4e,Pwr H130_W19 eLV,,0.000237,,W,,H130_W19,eLV,Pwr H130_W19 eLV
Poff_RA4u,Poff H130_W19 uLV,,0.000000852,,W,V,H130_W19,uLV,Poff H130_W19 uLV
Td_RA4u,RO H130_W19 uLV,,6.41,,ps,V,H130_W19,uLV,RO H130_W19 uLV
Pwr_RA4u,Pwr H130_W19 uLV,,0.000194,,W,V,H130_W19,uLV,Pwr H130_W19 uLV
Poff_RA4A,Poff H130_W19 uLL,,0.00000026,,W,V,H130_W19,uLL,Poff H130_W19 uLL
Td_RA4A,RO H130_W19 uLL,,7.06,,ps,V,H130_W19,uLL,RO H130_W19 uLL
Pwr_RA4A,Pwr H130_W19 uLL,,0.000165,,W,V,H130_W19,uLL,Pwr H130_W19 uLL
Poff_RA4L,Poff H130_W19 LVT,,0.000000086,,W,V,H130_W19,LVT,Poff H130_W19 LVT
Td_RA4L,RO H130_W19 LVT,,7.87,,ps,V,H130_W19,LVT,RO H130_W19 LVT
Pwr_RA4L,Pwr H130_W19 LVT,,0.000142,,W,V,H130_W19,LVT,Pwr H130_W19 LVT
Poff_RA4B,Poff H130_W19 LLL,,0.0000000346,,W,V,H130_W19,LLL,Poff H130_W19 LLL
Td_RA4B,RO H130_W19 LLL,,8.97,,ps,V,H130_W19,LLL,RO H130_W19 LLL
Pwr_RA4B,Pwr H130_W19 LLL,,0.000122,,W,V,H130_W19,LLL,Pwr H130_W19 LLL
Poff_RA4S,Poff H130_W19 SVT,,0.000000018,,W,V,H130_W19,SVT,Poff H130_W19 SVT
Td_RA4S,RO H130_W19 SVT,,10.48,,ps,V,H130_W19,SVT,RO H130_W19 SVT
Pwr_RA4S,Pwr H130_W19 SVT,,0.000103,,W,V,H130_W19,SVT,Pwr H130_W19 SVT
Poff_RJ4e,Poff H156_W32 eLV,,0.00000824,,W,,H156_W32,eLV,Poff H156_W32 eLV
Td_RJ4e,RO H156_W32 eLV,,5.01,,ps,,H156_W32,eLV,RO H156_W32 eLV
Pwr_RJ4e,Pwr H156_W32 eLV,,0.000375,,W,,H156_W32,eLV,Pwr H156_W32 eLV
Poff_RJ4u,Poff H156_W32 uLV,,0.00000231,,W,V,H156_W32,uLV,Poff H156_W32 uLV
Td_RJ4u,RO H156_W32 uLV,,5.45,,ps,V,H156_W32,uLV,RO H156_W32 uLV
Pwr_RJ4u,Pwr H156_W32 uLV,,0.000301,,W,V,H156_W32,uLV,Pwr H156_W32 uLV
Poff_RJ4A,Poff H156_W32 uLL,,0.000000698,,W,V,H156_W32,uLL,Poff H156_W32 uLL
Td_RJ4A,RO H156_W32 uLL,,5.95,,ps,V,H156_W32,uLL,RO H156_W32 uLL
Pwr_RJ4A,Pwr H156_W32 uLL,,0.000251,,W,V,H156_W32,uLL,Pwr H156_W32 uLL
Poff_RJ4L,Poff H156_W32 LVT,,0.000000232,,W,V,H156_W32,LVT,Poff H156_W32 LVT
Td_RJ4L,RO H156_W32 LVT,,6.55,,ps,V,H156_W32,LVT,RO H156_W32 LVT
Pwr_RJ4L,Pwr H156_W32 LVT,,0.000215,,W,V,H156_W32,LVT,Pwr H156_W32 LVT
Poff_RJ4B,Poff H156_W32 LLL,,0.0000000838,,W,V,H156_W32,LLL,Poff H156_W32 LLL
Td_RJ4B,RO H156_W32 LLL,,7.38,,ps,V,H156_W32,LLL,RO H156_W32 LLL
Pwr_RJ4B,Pwr H156_W32 LLL,,0.000185,,W,V,H156_W32,LLL,Pwr H156_W32 LLL
Poff_RJ4S,Poff H156_W32 SVT,,0.0000000384,,W,V,H156_W32,SVT,Poff H156_W32 SVT
Td_RJ4S,RO H156_W32 SVT,,8.5,,ps,V,H156_W32,SVT,RO H156_W32 SVT
Pwr_RJ4S,Pwr H156_W32 SVT,,0.000158,,W,V,H156_W32,SVT,Pwr H156_W32 SVT
Poff_RK4e,Poff H156_NPN eLV,,0.0000115,,W,,H156_NPN,eLV,Poff H156_NPN eLV
Td_RK4e,RO H156_NPN eLV,,4.78,,ps,,H156_NPN,eLV,RO H156_NPN eLV
Pwr_RK4e,Pwr H156_NPN eLV,,0.000419,,W,,H156_NPN,eLV,Pwr H156_NPN eLV
Poff_RK4u,Poff H156_NPN uLV,,0.00000341,,W,V,H156_NPN,uLV,Poff H156_NPN uLV
Td_RK4u,RO H156_NPN uLV,,5.21,,ps,V,H156_NPN,uLV,RO H156_NPN uLV
Pwr_RK4u,Pwr H156_NPN uLV,,0.000335,,W,V,H156_NPN,uLV,Pwr H156_NPN uLV
Poff_RK4A,Poff H156_NPN uLL,,0.000000999,,W,,H156_NPN,uLL,Poff H156_NPN uLL
Td_RK4A,RO H156_NPN uLL,,5.7,,ps,,H156_NPN,uLL,RO H156_NPN uLL
Pwr_RK4A,Pwr H156_NPN uLL,,0.000277,,W,,H156_NPN,uLL,Pwr H156_NPN uLL
Poff_RK4L,Poff H156_NPN LVT,,0.00000034,,W,,H156_NPN,LVT,Poff H156_NPN LVT
Td_RK4L,RO H156_NPN LVT,,6.33,,ps,,H156_NPN,LVT,RO H156_NPN LVT
Pwr_RK4L,Pwr H156_NPN LVT,,0.000235,,W,,H156_NPN,LVT,Pwr H156_NPN LVT
Poff_RK4B,Poff H156_NPN LLL,,0.000000118,,W,,H156_NPN,LLL,Poff H156_NPN LLL
Td_RK4B,RO H156_NPN LLL,,7.14,,ps,,H156_NPN,LLL,RO H156_NPN LLL
Pwr_RK4B,Pwr H156_NPN LLL,,0.000201,,W,,H156_NPN,LLL,Pwr H156_NPN LLL
Poff_RK4S,Poff H156_NPN SVT,,0.0000000501,,W,,H156_NPN,SVT,Poff H156_NPN SVT
Td_RK4S,RO H156_NPN SVT,,8.25,,ps,,H156_NPN,SVT,RO H156_NPN SVT
Pwr_RK4S,Pwr H156_NPN SVT,,0.000171,,W,,H156_NPN,SVT,Pwr H156_NPN SVT
Cmim_F1,-Cmim_F1,262,216,170,fF/SQ,V,,,-Cmim_F1
Con_M0LA,-Con_M0LA,13.25,10,6.75,ohm/sq,V,,uLL,-Con_M0LA
Con_M0LB,-Con_M0LB,13.25,10,6.75,ohm/sq,V,,LLL,-Con_M0LB
Con_M1,-Con_M1,2.399,1.82,1.24,ohm/sq,V,,,-Con_M1
Con_M10,-Con_M10,0.813,0.6195,0.426,ohm/sq,V,,,-Con_M10
Con_M11,-Con_M11,0.813,0.6195,0.426,ohm/sq,V,,,-Con_M11
Con_M12,-Con_M12,0.813,0.6195,0.426,ohm/sq,V,,,-Con_M12
Con_M13,-Con_M13,0.3635,0.287,0.2105,ohm/sq,V,,,-Con_M13
Con_M14,-Con_M14,0.3635,0.287,0.2105,ohm/sq,V,,,-Con_M14
Con_M15,-Con_M15,0.3635,0.287,0.2105,ohm/sq,V,,,-Con_M15
Con_M16,-Con_M16,0.3635,0.287,0.2105,ohm/sq,V,,,-Con_M16
Con_M17,-Con_M17,0.139,0.1065,0.074,ohm/sq,V,,,-Con_M17
Con_M18,-Con_M18,0.139,0.1065,0.074,ohm/sq,V,,,-Con_M18
Con_M2LA,-Con_M2LA,5.275,4.04,2.805,ohm/sq,V,,uLL,-Con_M2LA
Con_M2LB,-Con_M2LB,5.275,4.04,2.805,ohm/sq,V,,LLL,-Con_M2LB
Con_M3,-Con_M3,3.246,2.55,1.854,ohm/sq,V,,,-Con_M3
Con_M4,-Con_M4,3.895,3.0595,2.224,ohm/sq,V,,,-Con_M4
Con_M5LA,-Con_M5LA,2.12,1.6,1.08,ohm/sq,V,,uLL,-Con_M5LA
Con_M5LB,-Con_M5LB,2.12,1.6,1.08,ohm/sq,V,,LLL,-Con_M5LB
Con_M6,-Con_M6,1.154,0.8795,0.605,ohm/sq,V,,,-Con_M6
Con_M7,-Con_M7,0.813,0.6195,0.426,ohm/sq,V,,,-Con_M7
Con_M8,-Con_M8,0.813,0.6195,0.426,ohm/sq,V,,,-Con_M8
Con_M9,-Con_M9,0.813,0.6195,0.426,ohm/sq,V,,,-Con_M9
Con_TM1,-Con_TM1,0.0221,0.018,0.0142,ohm/sq,V,,,-Con_TM1
Con_TM2,-Con_TM2,0.0099,0.008,0.0061,ohm/sq,V,,,-Con_TM2
Rc_NMG,-Rc_NMG,219.2,131.6,44,ohm/sq,V,,,-Rc_NMG
Rc_PMG,-Rc_PMG,36.1,25.3,14.5,ohm/sq,V,,,-Rc_PMG
Rc_TMPC,-Rc_TMPC,0.027,0.01575,0.0045,ohm,V,,,-Rc_TMPC
Rc_TV1,-Rc_TV1,0.56,0.365,0.17,ohm,V,,,-Rc_TV1
Rc_TV2,-Rc_TV2,0.51,0.33,0.15,ohm,V,,,-Rc_TV2
Rc_V0,-Rc_V0,58.852,35,11.09,ohm,V,,,-Rc_V0
Rc_V1,-Rc_V1,34.861,20.7,6.497,ohm,V,,,-Rc_V1
Rc_V10,-Rc_V10,12.033,6.8585,1.684,ohm,V,,,-Rc_V10
Rc_V11,-Rc_V11,12.033,6.8585,1.684,ohm,V,,,-Rc_V11
Rc_V12,-Rc_V12,12.879,6.6075,0.336,ohm,V,,,-Rc_V12
Rc_V13,-Rc_V13,12.561,6.378,0.195,ohm,V,,,-Rc_V13
Rc_V14,-Rc_V14,12.561,6.378,0.195,ohm,V,,,-Rc_V14
Rc_V15,-Rc_V15,12.561,6.378,0.195,ohm,V,,,-Rc_V15
Rc_V16,-Rc_V16,3.5,2.2,0.9,ohm,V,,,-Rc_V16
Rc_V17,-Rc_V17,3.4,2.15,0.9,ohm,V,,,-Rc_V17
Rc_V2,-Rc_V2,45.334,26.577,7.82,ohm,V,,,-Rc_V2
Rc_V3H1,-Rc_V3H1,22.883,14.061,5.239,ohm,V,,,-Rc_V3H1
Rc_V3H2,-Rc_V3H2,22.883,14.061,5.239,ohm,V,,,-Rc_V3H2
Rc_V4H1,-Rc_V4H1,29.748,17.678,5.608,ohm,V,,,-Rc_V4H1
Rc_V4H2,-Rc_V4H2,29.748,17.678,5.608,ohm,V,,,-Rc_V4H2
Rc_V5,-Rc_V5,25.34,14.9655,4.591,ohm,V,,,-Rc_V5
Rc_V6,-Rc_V6,12.939,7.58,2.221,ohm,V,,,-Rc_V6
Rc_V7,-Rc_V7,12.033,6.8585,1.684,ohm,V,,,-Rc_V7
Rc_V8,-Rc_V8,12.033,6.8585,1.684,ohm,V,,,-Rc_V8
Rc_V9,-Rc_V9,12.033,6.8585,1.684,ohm,V,,,-Rc_V9
Rs_HR-TIN,-Rs_HR-TIN,725.8,630.45,535.1,ohm/sq,V,,,-Rs_HR-TIN
SPA_M0,-SPA_M0,20,13.95,7.9,V,V,,,-SPA_M0
SPA_M1,-SPA_M1,20,13.95,7.9,V,V,,,-SPA_M1
SPA_M10,-SPA_M10,20,17.45,14.9,V,V,,,-SPA_M10
SPA_M11,-SPA_M11,20,17.45,14.9,V,V,,,-SPA_M11
SPA_M12,-SPA_M12,20,17.45,14.9,V,V,,,-SPA_M12
SPA_M13,-SPA_M13,20,19.45,18.9,V,V,,,-SPA_M13
SPA_M14,-SPA_M14,20,19.45,18.9,V,V,,,-SPA_M14
SPA_M15,-SPA_M15,20,19.45,18.9,V,V,,,-SPA_M15
SPA_M16,-SPA_M16,20,19.45,18.9,V,V,,,-SPA_M16
SPA_M17,-SPA_M17,20,19.45,18.9,V,V,,,-SPA_M17
SPA_M18,-SPA_M18,20,19.45,18.9,V,V,,,-SPA_M18
SPA_M2,-SPA_M2,20,13.95,7.9,V,V,,,-SPA_M2
SPA_M3,-SPA_M3,20,13.95,7.9,V,V,,,-SPA_M3
SPA_M4,-SPA_M4,20,13.95,7.9,V,V,,,-SPA_M4
SPA_M5,-SPA_M5,20,14.3,8.6,V,V,,,-SPA_M5
SPA_M6,-SPA_M6,20,17.45,14.9,V,V,,,-SPA_M6
SPA_M7,-SPA_M7,20,17.45,14.9,V,V,,,-SPA_M7
SPA_M8,-SPA_M8,20,17.45,14.9,V,V,,,-SPA_M8
SPA_M9,-SPA_M9,20,17.45,14.9,V,V,,,-SPA_M9
SPA_TM1,-SPA_TM1,20,19.5,19,V,V,,,-SPA_TM1
SPA_TM2,-SPA_TM2,20,19.5,19,V,V,,,-SPA_TM2
VBD_Cmim,-VBD_Cmim,3.45,3.3,3.15,V,V,,,-VBD_Cmim
VbdGO_NW,-VbdGO_NW,-2.1,-6.05,-10,V,V,,,-VbdGO_NW
VbdGO_PW,-VbdGO_PW,10,6.15,2.3,V,V,,,-VbdGO_PW
Vtl_N3A,Vtl IO uLLN,0.339,0.1855,0.032,V,V,IO,uLL,Vtl IO uLLN
Vtl_N3B,Vtl IO LLLN,0.418,0.257,0.096,V,V,IO,LLL,Vtl IO LLLN
Vtl_N3e,Vtl IO eLVN,0.271,0.115,-0.041,V,V,IO,eLV,Vtl IO eLVN
Vtl_N3L,Vtl IO LVTN,0.381,0.2215,0.062,V,V,IO,LVT,Vtl IO LVTN
Vtl_N3S,Vtl IO SVTN,0.473,0.291,0.109,V,V,IO,SVT,Vtl IO SVTN
Vtl_N3u,Vtl IO uLVN,0.301,0.1485,-0.004,V,V,IO,uLV,Vtl IO uLVN
Vtl_P3A,Vtl IO uLLP,-0.032,-0.1895,-0.347,V,V,IO,uLL,Vtl IO uLLP
Vtl_P3B,Vtl IO LLLP,-0.1,-0.2575,-0.415,V,V,IO,LLL,Vtl IO LLLP
Vtl_P3e,Vtl IO eLVP,0.058,-0.112,-0.282,V,V,IO,eLV,Vtl IO eLVP
Vtl_P3L,Vtl IO LVTP,-0.073,-0.2245,-0.376,V,V,IO,LVT,Vtl IO LVTP
Vtl_P3S,Vtl IO SVTP,-0.128,-0.2955,-0.463,V,V,IO,SVT,Vtl IO SVTP
Vtl_P3u,Vtl IO uLVP,0.007,-0.1525,-0.312,V,V,IO,uLV,Vtl IO uLVP
